<?xml version="1.0" encoding="UTF-8"?>
<project-private xmlns="http://www.netbeans.org/ns/project-private/1">
    <editor-bookmarks xmlns="http://www.netbeans.org/ns/editor-bookmarks/2" lastBookmarkId="0"/>
    <open-files xmlns="http://www.netbeans.org/ns/projectui-open-files/2">
        <group name="Sistemas Graficos"/>
        <group>
            <file>file:/home/fvelasco/h/1617/docencia/sg/ejemplos/java/ladrillosCompleto/src/Model/TheUniverse.java</file>
            <file>file:/home/fvelasco/h/1617/docencia/sg/ejemplos/java/ladrillosCompleto/src/GUI/Visualization.java</file>
            <file>file:/home/fvelasco/h/1617/docencia/sg/ejemplos/java/ladrillosCompleto/src/Model/Ladrillo.java</file>
            <file>file:/home/fvelasco/h/1617/docencia/sg/ejemplos/java/ladrillosCompleto/src/ladrillos/Ladrillos.java</file>
            <file>file:/home/fvelasco/h/1617/docencia/sg/ejemplos/java/ladrillosCompleto/src/Model/Colliders.java</file>
            <file>file:/home/fvelasco/h/1617/docencia/sg/ejemplos/java/ladrillosCompleto/src/Model/Pelota.java</file>
            <file>file:/home/fvelasco/h/1617/docencia/sg/ejemplos/java/ladrillosCompleto/src/Model/Cancha.java</file>
            <file>file:/home/fvelasco/h/1617/docencia/sg/ejemplos/java/ladrillosCompleto/src/Model/Raqueta.java</file>
            <file>file:/home/fvelasco/h/1617/docencia/sg/ejemplos/java/ladrillosCompleto/src/Model/Teclado.java</file>
            <file>file:/home/fvelasco/h/1617/docencia/sg/ejemplos/java/ladrillosCompleto/src/Model/RandomColor.java</file>
        </group>
    </open-files>
</project-private>
